<appDefinition>
   <id>123</id>
   <version>5</version>
   <name>Open311 backend</name>
   <dateCreated class="java.sql.Timestamp">2011-06-20 21:58:48.0 IST</dateCreated>
   <dateModified class="java.sql.Timestamp">2011-06-20 22:13:14.0 IST</dateModified>
   <packageDefinitionList class="java.util.ArrayList"/>
   <formDefinitionList class="java.util.ArrayList">
      <formDefinition>
         <appId>123</appId>
         <id>open311_req</id>
         <version>5</version>
         <name>Open311 Request</name>
         <dateCreated class="java.sql.Timestamp">2011-06-21 22:43:46.0 IST</dateCreated>
         <dateModified class="java.sql.Timestamp">2011-06-22 00:11:24.0 IST</dateModified>
         <tableName>open311_request_t</tableName>
         <json>{&quot;className&quot;:&quot;org.joget.apps.form.model.Form&quot;,&quot;properties&quot;:{&quot;id&quot;:&quot;open311_req&quot;,&quot;loadBinder&quot;:{&quot;className&quot;:&quot;org.joget.apps.form.lib.WorkflowFormBinder&quot;,&quot;properties&quot;:{}},&quot;tableName&quot;:&quot;open311_request_t&quot;,&quot;description&quot;:&quot;&quot;,&quot;name&quot;:&quot;Open311 Request&quot;,&quot;storeBinder&quot;:{&quot;className&quot;:&quot;org.joget.apps.form.lib.WorkflowFormBinder&quot;,&quot;properties&quot;:{}}},&quot;elements&quot;:[{&quot;elements&quot;:[{&quot;elements&quot;:[{&quot;className&quot;:&quot;org.joget.apps.form.lib.TextField&quot;,&quot;properties&quot;:{&quot;id&quot;:&quot;service_request_id&quot;,&quot;workflowVariable&quot;:&quot;&quot;,&quot;validator&quot;:{&quot;className&quot;:&quot;org.joget.apps.form.lib.DefaultValidator&quot;,&quot;properties&quot;:{&quot;mandatory&quot;:&quot;true&quot;,&quot;type&quot;:&quot;numeric&quot;}},&quot;label&quot;:&quot;Service Request Id&quot;,&quot;readonly&quot;:&quot;&quot;,&quot;size&quot;:&quot;&quot;}},{&quot;className&quot;:&quot;org.joget.apps.form.lib.TextField&quot;,&quot;properties&quot;:{&quot;id&quot;:&quot;status&quot;,&quot;workflowVariable&quot;:&quot;&quot;,&quot;validator&quot;:{&quot;className&quot;:&quot;org.joget.apps.form.lib.DefaultValidator&quot;,&quot;properties&quot;:{&quot;mandatory&quot;:&quot;true&quot;,&quot;type&quot;:&quot;&quot;}},&quot;label&quot;:&quot;Status&quot;,&quot;readonly&quot;:&quot;&quot;,&quot;size&quot;:&quot;&quot;}},{&quot;className&quot;:&quot;org.joget.apps.form.lib.TextArea&quot;,&quot;properties&quot;:{&quot;id&quot;:&quot;status_notes&quot;,&quot;cols&quot;:&quot;20&quot;,&quot;validator&quot;:{&quot;className&quot;:&quot;org.joget.apps.form.lib.DefaultValidator&quot;,&quot;properties&quot;:{&quot;mandatory&quot;:&quot;&quot;,&quot;type&quot;:&quot;alphanumeric&quot;}},&quot;label&quot;:&quot;Status Notes&quot;,&quot;readonly&quot;:&quot;&quot;,&quot;rows&quot;:&quot;5&quot;}},{&quot;className&quot;:&quot;org.joget.apps.form.lib.TextField&quot;,&quot;properties&quot;:{&quot;id&quot;:&quot;service_name&quot;,&quot;workflowVariable&quot;:&quot;&quot;,&quot;validator&quot;:{&quot;className&quot;:&quot;org.joget.apps.form.lib.DefaultValidator&quot;,&quot;properties&quot;:{&quot;mandatory&quot;:&quot;true&quot;,&quot;type&quot;:&quot;&quot;}},&quot;label&quot;:&quot;Service Name&quot;,&quot;readonly&quot;:&quot;&quot;,&quot;size&quot;:&quot;&quot;}},{&quot;className&quot;:&quot;org.joget.apps.form.lib.TextField&quot;,&quot;properties&quot;:{&quot;id&quot;:&quot;service_code&quot;,&quot;workflowVariable&quot;:&quot;&quot;,&quot;validator&quot;:{&quot;className&quot;:&quot;org.joget.apps.form.lib.DefaultValidator&quot;,&quot;properties&quot;:{&quot;mandatory&quot;:&quot;&quot;,&quot;type&quot;:&quot;numeric&quot;}},&quot;label&quot;:&quot;Service Code&quot;,&quot;readonly&quot;:&quot;&quot;,&quot;size&quot;:&quot;&quot;}},{&quot;className&quot;:&quot;org.joget.apps.form.lib.TextArea&quot;,&quot;properties&quot;:{&quot;id&quot;:&quot;description&quot;,&quot;cols&quot;:&quot;20&quot;,&quot;validator&quot;:{&quot;className&quot;:&quot;org.joget.apps.form.lib.DefaultValidator&quot;,&quot;properties&quot;:{&quot;mandatory&quot;:&quot;&quot;,&quot;type&quot;:&quot;alphanumeric&quot;}},&quot;label&quot;:&quot;Description&quot;,&quot;readonly&quot;:&quot;&quot;,&quot;rows&quot;:&quot;5&quot;}},{&quot;className&quot;:&quot;org.joget.apps.form.lib.TextField&quot;,&quot;properties&quot;:{&quot;id&quot;:&quot;agency_responsible&quot;,&quot;workflowVariable&quot;:&quot;&quot;,&quot;validator&quot;:{&quot;className&quot;:&quot;org.joget.apps.form.lib.DefaultValidator&quot;,&quot;properties&quot;:{&quot;mandatory&quot;:&quot;&quot;,&quot;type&quot;:&quot;alphanumeric&quot;}},&quot;label&quot;:&quot;Agency Responsible&quot;,&quot;readonly&quot;:&quot;&quot;,&quot;size&quot;:&quot;&quot;}},{&quot;className&quot;:&quot;org.joget.apps.form.lib.TextField&quot;,&quot;properties&quot;:{&quot;id&quot;:&quot;service_notice&quot;,&quot;workflowVariable&quot;:&quot;&quot;,&quot;validator&quot;:{&quot;className&quot;:&quot;org.joget.apps.form.lib.DefaultValidator&quot;,&quot;properties&quot;:{&quot;mandatory&quot;:&quot;&quot;,&quot;type&quot;:&quot;alphanumeric&quot;}},&quot;label&quot;:&quot;Service Notice&quot;,&quot;readonly&quot;:&quot;&quot;,&quot;size&quot;:&quot;&quot;}}],&quot;className&quot;:&quot;org.joget.apps.form.model.Column&quot;,&quot;properties&quot;:{&quot;width&quot;:&quot;99%&quot;}}],&quot;className&quot;:&quot;org.joget.apps.form.model.Section&quot;,&quot;properties&quot;:{&quot;id&quot;:&quot;open311_request_section&quot;,&quot;label&quot;:&quot;Open311 Request Data&quot;,&quot;loadBinder&quot;:{&quot;className&quot;:&quot;&quot;,&quot;properties&quot;:{}},&quot;storeBinder&quot;:{&quot;className&quot;:&quot;&quot;,&quot;properties&quot;:{}},&quot;visibilityControl&quot;:&quot;&quot;,&quot;visibilityValue&quot;:&quot;&quot;}},{&quot;elements&quot;:[{&quot;elements&quot;:[{&quot;className&quot;:&quot;org.joget.apps.form.lib.DatePicker&quot;,&quot;properties&quot;:{&quot;id&quot;:&quot;requestDate&quot;,&quot;workflowVariable&quot;:&quot;&quot;,&quot;validator&quot;:{&quot;className&quot;:&quot;org.joget.apps.form.lib.DefaultValidator&quot;,&quot;properties&quot;:{&quot;mandatory&quot;:&quot;true&quot;,&quot;type&quot;:&quot;&quot;}},&quot;label&quot;:&quot;Request Date&quot;,&quot;format&quot;:&quot;&quot;,&quot;readonly&quot;:&quot;&quot;}},{&quot;className&quot;:&quot;org.joget.apps.form.lib.DatePicker&quot;,&quot;properties&quot;:{&quot;id&quot;:&quot;updatedDate&quot;,&quot;workflowVariable&quot;:&quot;&quot;,&quot;validator&quot;:{&quot;className&quot;:&quot;&quot;,&quot;properties&quot;:{}},&quot;label&quot;:&quot;Updated Date&quot;,&quot;format&quot;:&quot;&quot;,&quot;readonly&quot;:&quot;&quot;}},{&quot;className&quot;:&quot;org.joget.apps.form.lib.DatePicker&quot;,&quot;properties&quot;:{&quot;id&quot;:&quot;expectedDate&quot;,&quot;workflowVariable&quot;:&quot;&quot;,&quot;validator&quot;:{&quot;className&quot;:&quot;&quot;,&quot;properties&quot;:{}},&quot;label&quot;:&quot;Expected Date&quot;,&quot;format&quot;:&quot;&quot;,&quot;readonly&quot;:&quot;&quot;}}],&quot;className&quot;:&quot;org.joget.apps.form.model.Column&quot;,&quot;properties&quot;:{&quot;width&quot;:&quot;49%&quot;}},{&quot;elements&quot;:[{&quot;className&quot;:&quot;org.joget.apps.form.lib.TextField&quot;,&quot;properties&quot;:{&quot;id&quot;:&quot;requestTime&quot;,&quot;workflowVariable&quot;:&quot;&quot;,&quot;validator&quot;:{&quot;className&quot;:&quot;org.joget.apps.form.lib.DefaultValidator&quot;,&quot;properties&quot;:{&quot;mandatory&quot;:&quot;true&quot;,&quot;type&quot;:&quot;&quot;}},&quot;label&quot;:&quot;Request Time&quot;,&quot;readonly&quot;:&quot;&quot;,&quot;size&quot;:&quot;5&quot;}},{&quot;className&quot;:&quot;org.joget.apps.form.lib.TextField&quot;,&quot;properties&quot;:{&quot;id&quot;:&quot;updatedTime&quot;,&quot;workflowVariable&quot;:&quot;&quot;,&quot;validator&quot;:{&quot;className&quot;:&quot;&quot;,&quot;properties&quot;:{}},&quot;label&quot;:&quot;Updated Time&quot;,&quot;readonly&quot;:&quot;&quot;,&quot;size&quot;:&quot;5&quot;}},{&quot;className&quot;:&quot;org.joget.apps.form.lib.TextField&quot;,&quot;properties&quot;:{&quot;id&quot;:&quot;expectedTime&quot;,&quot;workflowVariable&quot;:&quot;&quot;,&quot;validator&quot;:{&quot;className&quot;:&quot;&quot;,&quot;properties&quot;:{}},&quot;label&quot;:&quot;Expected Time&quot;,&quot;readonly&quot;:&quot;&quot;,&quot;size&quot;:&quot;5&quot;}}],&quot;className&quot;:&quot;org.joget.apps.form.model.Column&quot;,&quot;properties&quot;:{&quot;width&quot;:&quot;49%&quot;}}],&quot;className&quot;:&quot;org.joget.apps.form.model.Section&quot;,&quot;properties&quot;:{&quot;id&quot;:&quot;section_time&quot;,&quot;label&quot;:&quot;Service Timestamps&quot;,&quot;loadBinder&quot;:{&quot;className&quot;:&quot;&quot;,&quot;properties&quot;:{}},&quot;storeBinder&quot;:{&quot;className&quot;:&quot;&quot;,&quot;properties&quot;:{}},&quot;visibilityControl&quot;:&quot;&quot;,&quot;visibilityValue&quot;:&quot;&quot;}},{&quot;elements&quot;:[{&quot;elements&quot;:[{&quot;className&quot;:&quot;org.joget.apps.form.lib.TextArea&quot;,&quot;properties&quot;:{&quot;id&quot;:&quot;address&quot;,&quot;cols&quot;:&quot;20&quot;,&quot;validator&quot;:{&quot;className&quot;:&quot;org.joget.apps.form.lib.DefaultValidator&quot;,&quot;properties&quot;:{&quot;mandatory&quot;:&quot;true&quot;,&quot;type&quot;:&quot;&quot;}},&quot;label&quot;:&quot;Address&quot;,&quot;readonly&quot;:&quot;&quot;,&quot;rows&quot;:&quot;5&quot;}},{&quot;className&quot;:&quot;org.joget.apps.form.lib.TextField&quot;,&quot;properties&quot;:{&quot;id&quot;:&quot;address_id&quot;,&quot;workflowVariable&quot;:&quot;&quot;,&quot;validator&quot;:{&quot;className&quot;:&quot;org.joget.apps.form.lib.DefaultValidator&quot;,&quot;properties&quot;:{&quot;mandatory&quot;:&quot;&quot;,&quot;type&quot;:&quot;numeric&quot;}},&quot;label&quot;:&quot;Address Id&quot;,&quot;readonly&quot;:&quot;&quot;,&quot;size&quot;:&quot;&quot;}},{&quot;className&quot;:&quot;org.joget.apps.form.lib.TextField&quot;,&quot;properties&quot;:{&quot;id&quot;:&quot;zipcode&quot;,&quot;workflowVariable&quot;:&quot;&quot;,&quot;validator&quot;:{&quot;className&quot;:&quot;org.joget.apps.form.lib.DefaultValidator&quot;,&quot;properties&quot;:{&quot;mandatory&quot;:&quot;&quot;,&quot;type&quot;:&quot;numeric&quot;}},&quot;label&quot;:&quot;Zipcode&quot;,&quot;readonly&quot;:&quot;&quot;,&quot;size&quot;:&quot;&quot;}},{&quot;className&quot;:&quot;org.joget.apps.form.lib.TextField&quot;,&quot;properties&quot;:{&quot;id&quot;:&quot;lat&quot;,&quot;workflowVariable&quot;:&quot;&quot;,&quot;validator&quot;:{&quot;className&quot;:&quot;org.joget.apps.form.lib.DefaultValidator&quot;,&quot;properties&quot;:{&quot;mandatory&quot;:&quot;true&quot;,&quot;type&quot;:&quot;&quot;}},&quot;label&quot;:&quot;Latitude&quot;,&quot;readonly&quot;:&quot;&quot;,&quot;size&quot;:&quot;&quot;}},{&quot;className&quot;:&quot;org.joget.apps.form.lib.TextField&quot;,&quot;properties&quot;:{&quot;id&quot;:&quot;long&quot;,&quot;workflowVariable&quot;:&quot;&quot;,&quot;validator&quot;:{&quot;className&quot;:&quot;org.joget.apps.form.lib.DefaultValidator&quot;,&quot;properties&quot;:{&quot;mandatory&quot;:&quot;true&quot;,&quot;type&quot;:&quot;&quot;}},&quot;label&quot;:&quot;Longitude&quot;,&quot;readonly&quot;:&quot;&quot;,&quot;size&quot;:&quot;&quot;}}],&quot;className&quot;:&quot;org.joget.apps.form.model.Column&quot;,&quot;properties&quot;:{&quot;width&quot;:&quot;99%&quot;}}],&quot;className&quot;:&quot;org.joget.apps.form.model.Section&quot;,&quot;properties&quot;:{&quot;id&quot;:&quot;sectionLocation&quot;,&quot;label&quot;:&quot;Location Information&quot;,&quot;loadBinder&quot;:{&quot;className&quot;:&quot;&quot;,&quot;properties&quot;:{}},&quot;storeBinder&quot;:{&quot;className&quot;:&quot;&quot;,&quot;properties&quot;:{}},&quot;visibilityControl&quot;:&quot;&quot;,&quot;visibilityValue&quot;:&quot;&quot;}}]}</json>
      </formDefinition>
   </formDefinitionList>
   <userviewDefinitionList class="java.util.ArrayList">
      <userviewDefinition>
         <id>open311_request_userview</id>
         <appId>123</appId>
         <appVersion>5</appVersion>
         <name>Open311 Request Form</name>
         <description></description>
         <json>{&quot;className&quot;:&quot;org.joget.apps.userview.model.Userview&quot;,&quot;properties&quot;:{&quot;id&quot;:&quot;open311_request_userview&quot;,&quot;name&quot;:&quot;Open311 Request Form&quot;,&quot;description&quot;:&quot;&quot;,&quot;welcomeMessage&quot;:&quot;&quot;,&quot;logoutText&quot;:&quot;&quot;,&quot;footerMessage&quot;:&quot;Powered by Joget&quot;},&quot;setting&quot;:{&quot;properties&quot;:{&quot;theme&quot;:{&quot;className&quot;:&quot;org.joget.apps.userview.lib.ModernTheme&quot;,&quot;properties&quot;:{&quot;css&quot;:&quot;&quot;,&quot;js&quot;:&quot;&quot;,&quot;customHeader&quot;:&quot;&lt;p&gt;&lt;img style=\&quot;float: left;\&quot; title=\&quot;Code for America\&quot; src=\&quot;http:\/\/dl.dropbox.com\/u\/31545783\/Code-for-America.jpg\&quot; alt=\&quot;\&quot; width=\&quot;136\&quot; height=\&quot;88\&quot; \/&gt;&lt;\/p&gt;\n&lt;p style=\&quot;text-align: center;\&quot;&gt;&amp;nbsp;&lt;\/p&gt;\n&lt;p style=\&quot;text-align: center;\&quot;&gt;&lt;span style=\&quot;font-size: xx-large; font-family: arial, helvetica, sans-serif; color: #000000; background-color: #ffffff;\&quot;&gt;Open311 Request Form&lt;\/span&gt;&lt;\/p&gt;&quot;,&quot;customFooter&quot;:&quot;&quot;,&quot;sideBar&quot;:&quot;&quot;}},&quot;permission&quot;:{&quot;className&quot;:&quot;&quot;,&quot;properties&quot;:{}}}},&quot;categories&quot;:[{&quot;className&quot;:&quot;org.joget.apps.userview.model.UserviewCategory&quot;,&quot;properties&quot;:{&quot;id&quot;:&quot;category-1FD8207458524EE18870167BA0E149BE&quot;,&quot;label&quot;:&quot;Open311 Request&quot;},&quot;menus&quot;:[{&quot;className&quot;:&quot;org.joget.apps.userview.lib.HtmlPage&quot;,&quot;properties&quot;:{&quot;id&quot;:&quot;A46D84D4EED04F209E97A1443AE32553&quot;,&quot;customId&quot;:&quot;linkDashboard&quot;,&quot;label&quot;:&quot;Open311 Dashboard&quot;,&quot;content&quot;:&quot;&lt;p&gt;We can put the dashboard here with pictures and stuff !&lt;\/p&gt;\n&lt;p&gt;&amp;nbsp;&lt;\/p&gt;\n&lt;table border=\&quot;0\&quot;&gt;\n&lt;tbody&gt;\n&lt;tr&gt;\n&lt;td&gt;&lt;img title=\&quot;Sample graph\&quot; src=\&quot;http:\/\/coding.smashingmagazine.com\/images\/charts\/image-graph-1.png\&quot; alt=\&quot;\&quot; width=\&quot;380\&quot; height=\&quot;332\&quot; \/&gt;&lt;\/td&gt;\n&lt;td&gt;&lt;img src=\&quot;http:\/\/www.designfreebies.org\/wp-content\/uploads\/2009\/04\/gdfr-illustrator-pie-chart-finall.jpg\&quot; alt=\&quot;\&quot; width=\&quot;450\&quot; height=\&quot;329\&quot; \/&gt;&lt;\/td&gt;\n&lt;\/tr&gt;\n&lt;tr&gt;\n&lt;td&gt;&amp;nbsp;&lt;\/td&gt;\n&lt;td&gt;&amp;nbsp;&lt;\/td&gt;\n&lt;\/tr&gt;\n&lt;\/tbody&gt;\n&lt;\/table&gt;&quot;}},{&quot;className&quot;:&quot;org.joget.apps.userview.lib.FormMenu&quot;,&quot;properties&quot;:{&quot;id&quot;:&quot;4F6196F91D104FCBB931055DC27CE695&quot;,&quot;customId&quot;:&quot;formRequest&quot;,&quot;label&quot;:&quot;Make new request&quot;,&quot;formId&quot;:&quot;open311_req&quot;,&quot;showInPopupDialog&quot;:&quot;&quot;,&quot;readonly&quot;:&quot;&quot;,&quot;messageShowAfterComplete&quot;:&quot;Form completed successfully. Request registered.&quot;,&quot;redirectUrlAfterComplete&quot;:&quot;\/wflow-consoleweb\/web\/userview\/123\/open311_request_userview\/&quot;,&quot;redirectUrlOnCancel&quot;:&quot;&quot;,&quot;fieldPassover&quot;:&quot;&quot;,&quot;fieldPassoverMethod&quot;:&quot;append&quot;,&quot;paramName&quot;:&quot;&quot;,&quot;submitButtonLabel&quot;:&quot;Submit Request&quot;,&quot;cancelButtonLabel&quot;:&quot;Cancel Request&quot;,&quot;customHeader&quot;:&quot;&quot;,&quot;customFooter&quot;:&quot;&quot;,&quot;keyName&quot;:&quot;&quot;,&quot;loadDataWithKey&quot;:&quot;&quot;}},{&quot;className&quot;:&quot;org.joget.apps.userview.lib.DataListMenu&quot;,&quot;properties&quot;:{&quot;id&quot;:&quot;C260DF4FA8474E2ABEAB035975C7F065&quot;,&quot;customId&quot;:&quot;&quot;,&quot;label&quot;:&quot;Open311 Data List&quot;,&quot;datalistId&quot;:&quot;open311_data_list&quot;,&quot;customHeader&quot;:&quot;&quot;,&quot;customFooter&quot;:&quot;&quot;,&quot;keyName&quot;:&quot;&quot;}}]}]}</json>
         <dateCreated class="java.sql.Timestamp">2011-06-20 21:58:48.0 IST</dateCreated>
         <dateModified class="java.sql.Timestamp">2011-06-22 00:00:56.0 IST</dateModified>
      </userviewDefinition>
   </userviewDefinitionList>
   <datalistDefinitionList class="java.util.ArrayList">
      <datalistDefinition>
         <id>open311_data_list</id>
         <appId>123</appId>
         <appVersion>5</appVersion>
         <name>Open311 Data List</name>
         <description>Open311 Data List</description>
         <json>{&quot;id&quot;:&quot;open311_data_list&quot;,&quot;name&quot;:&quot;Open311 Data List&quot;,&quot;pageSize&quot;:10,&quot;order&quot;:&quot;&quot;,&quot;orderBy&quot;:&quot;&quot;,&quot;actions&quot;:[{&quot;id&quot;:&quot;action_2&quot;,&quot;className&quot;:&quot;org.joget.apps.datalist.lib.FormRowDeleteDataListAction&quot;,&quot;type&quot;:&quot;text&quot;,&quot;properties&quot;:{&quot;label&quot;:&quot;Delete &quot;,&quot;formDefId&quot;:&quot;open311_req&quot;,&quot;confirmation&quot;:&quot;Please Confirm&quot;},&quot;name&quot;:&quot;Form Row Delete&quot;,&quot;label&quot;:&quot;Delete&quot;}],&quot;rowActions&quot;:[],&quot;filters&quot;:[{&quot;id&quot;:&quot;filter_2&quot;,&quot;label&quot;:&quot;Agency Responsible&quot;,&quot;name&quot;:&quot;agency_responsible&quot;},{&quot;id&quot;:&quot;filter_1&quot;,&quot;label&quot;:&quot;Date Created&quot;,&quot;name&quot;:&quot;dateCreated&quot;},{&quot;id&quot;:&quot;filter_3&quot;,&quot;label&quot;:&quot;Request Date&quot;,&quot;name&quot;:&quot;requestDate&quot;},{&quot;id&quot;:&quot;filter_0&quot;,&quot;label&quot;:&quot;Service Name&quot;,&quot;name&quot;:&quot;service_name&quot;},{&quot;id&quot;:&quot;filter_4&quot;,&quot;name&quot;:&quot;status&quot;,&quot;label&quot;:&quot;Status&quot;}],&quot;binder&quot;:{&quot;name&quot;:&quot;&quot;,&quot;className&quot;:&quot;org.joget.apps.datalist.lib.FormRowDataListBinder&quot;,&quot;properties&quot;:{&quot;formDefId&quot;:&quot;open311_req&quot;,&quot;extraCondition&quot;:&quot;&quot;}},&quot;columns&quot;:[{&quot;id&quot;:&quot;column_1&quot;,&quot;name&quot;:&quot;service_request_id&quot;,&quot;label&quot;:&quot;Service Request Id&quot;,&quot;sortable&quot;:&quot;true&quot;,&quot;filterable&quot;:&quot;true&quot;,&quot;action&quot;:{&quot;className&quot;:&quot;&quot;,&quot;properties&quot;:{}},&quot;formats&quot;:&quot;&quot;},{&quot;id&quot;:&quot;column_3&quot;,&quot;name&quot;:&quot;service_name&quot;,&quot;label&quot;:&quot;Service Name&quot;,&quot;sortable&quot;:&quot;true&quot;,&quot;filterable&quot;:&quot;true&quot;,&quot;action&quot;:&quot;&quot;,&quot;formats&quot;:&quot;&quot;},{&quot;action&quot;:&quot;&quot;,&quot;href&quot;:&quot;&quot;,&quot;hrefParam&quot;:&quot;&quot;,&quot;filterable&quot;:&quot;true&quot;,&quot;id&quot;:&quot;column_0&quot;,&quot;label&quot;:&quot;Status&quot;,&quot;name&quot;:&quot;status&quot;,&quot;sortable&quot;:&quot;true&quot;},{&quot;id&quot;:&quot;column_8&quot;,&quot;name&quot;:&quot;description&quot;,&quot;label&quot;:&quot;Description&quot;,&quot;sortable&quot;:&quot;true&quot;,&quot;filterable&quot;:&quot;true&quot;,&quot;action&quot;:&quot;&quot;,&quot;formats&quot;:&quot;&quot;},{&quot;id&quot;:&quot;column_6&quot;,&quot;name&quot;:&quot;address&quot;,&quot;label&quot;:&quot;Address&quot;,&quot;sortable&quot;:&quot;true&quot;,&quot;filterable&quot;:&quot;true&quot;,&quot;action&quot;:{&quot;className&quot;:&quot;&quot;,&quot;properties&quot;:{&quot;label&quot;:&quot;Address&quot;}},&quot;formats&quot;:&quot;&quot;},{&quot;id&quot;:&quot;column_7&quot;,&quot;name&quot;:&quot;dateCreated&quot;,&quot;label&quot;:&quot;Date Created&quot;,&quot;sortable&quot;:&quot;true&quot;,&quot;filterable&quot;:&quot;true&quot;,&quot;action&quot;:&quot;&quot;,&quot;formats&quot;:&quot;&quot;},{&quot;id&quot;:&quot;column_4&quot;,&quot;name&quot;:&quot;requestDate&quot;,&quot;label&quot;:&quot;Request Date&quot;,&quot;sortable&quot;:&quot;true&quot;,&quot;filterable&quot;:&quot;true&quot;,&quot;action&quot;:&quot;&quot;,&quot;formats&quot;:&quot;&quot;},{&quot;id&quot;:&quot;column_5&quot;,&quot;name&quot;:&quot;agency_responsible&quot;,&quot;label&quot;:&quot;Agency Responsible&quot;,&quot;sortable&quot;:&quot;true&quot;,&quot;filterable&quot;:&quot;true&quot;,&quot;action&quot;:&quot;&quot;,&quot;formats&quot;:&quot;&quot;}]}</json>
         <dateCreated class="java.sql.Timestamp">2011-06-21 23:48:49.0 IST</dateCreated>
         <dateModified class="java.sql.Timestamp">2011-06-22 00:34:34.0 IST</dateModified>
      </datalistDefinition>
   </datalistDefinitionList>
   <pluginDefaultPropertiesList class="java.util.ArrayList"/>
   <environmentVariableList class="java.util.ArrayList"/>
   <messageList class="java.util.ArrayList"/>
</appDefinition>